"","X1","X1_1","id","Condition","Nplayers","Nround","IsParallel","Finder","Ngame","Ngroup","ID","Corner","ConditionDummy","Failures","farsearch","Nsearch","order"
"1",1,1,"8-59","Patent",1,4,2,204355532,1,1,"(8-59)",0,1,2,1,4,1
"2",2,2,"7-25","Patent",2,9,2,207721614,1,1,"(7-25)",0,1,3,0,7,1
"3",3,3,"5-44","Patent",1,2,1,204355532,1,1,"(5-44)",0,1,0,1,2,1
"4",4,4,"26-58","Patent",2,4,1,204355532,1,1,"(26-58)",0,1,5,1,7,1
"5",5,5,"12-12","Patent",1,4,1,931177406,1,1,"(12-12)",0,1,2,0,4,1
"6",6,6,"24-58","Patent",1,3,1,931177406,2,1,"(24-58)",0,1,1,0,3,2
"7",7,7,"3-61","Patent",2,6,1,207721614,2,1,"(3-61)",0,1,2,0,4,2
"8",8,8,"25-7","Patent",1,6,1,207721614,2,1,"(25-7)",0,1,2,0,4,2
"9",9,9,"16-42","Patent",1,3,1,204355532,2,1,"(16-42)",0,1,1,0,3,2
"10",10,10,"3-46","Patent",1,4,1,931177406,3,1,"(3-46)",0,1,2,0,4,3
"11",11,11,"13-54","Patent",1,5,1,931177406,3,1,"(13-54)",0,1,2,0,4,3
"12",12,12,"3-11","Patent",1,NA,1,207721614,3,1,"(3-11)",0,1,1,0,2,3
"13",13,13,"18-13","Patent",1,3,1,204355532,4,1,"(18-13)",0,1,1,0,3,4
"14",14,14,"27-44","Patent",1,6,1,931177406,4,1,"(27-44)",0,1,2,0,4,4
"15",15,15,"28-36","Patent",1,31,5,313863151,5,2,"(28-36)",0,1,3,1,5,1
"16",16,16,"7-16","Patent",1,32,5,313863151,5,2,"(7-16)",0,1,2,1,4,1
"17",17,17,"26-59","Patent",1,9,4,1212,5,2,"(26-59)",0,1,3,1,5,1
"18",18,18,"24-23","Patent",1,26,5,204701791,5,2,"(24-23)",0,1,1,1,3,1
"19",19,19,"18-17","Patent",2,6,5,208666263,5,2,"(18-17)",0,1,3,1,6,1
"20",20,20,"27-34","Patent",1,13,5,313863151,5,2,"(27-34)",0,1,2,1,4,1
"21",21,21,"1-61","Patent",1,3,4,1212,5,2,"(1-61)",0,1,0,1,2,1
"22",22,22,"5-31","Patent",1,12,4,204701791,5,2,"(5-31)",0,1,1,1,3,1
"23",23,23,"17-15","Patent",1,5,1,313863151,6,2,"(17-15)",0,1,3,0,5,2
"24",24,24,"4-2","Patent",1,3,1,313863151,7,2,"(4-2)",0,1,1,1,3,3
"25",25,25,"19-10","Patent",1,22,2,1212,7,2,"(19-10)",0,1,3,1,5,3
"26",26,26,"27-24","Patent",1,5,2,313863151,7,2,"(27-24)",0,1,3,1,5,3
"27",27,27,"29-24","Patent",1,NA,1,313863151,7,2,"(29-24)",1,1,2,1,4,3
"28",28,28,"29-8","Patent",1,NA,2,1212,7,2,"(29-8)",1,1,4,1,5,3
"29",29,29,"28-52","Patent",1,3,2,313863151,7,2,"(28-52)",0,1,0,1,2,3
"30",30,30,"8-7","Patent",1,6,2,204701791,7,2,"(8-7)",0,1,2,1,4,3
"31",31,31,"28-3","Patent",1,5,2,313863151,8,2,"(28-3)",0,1,2,1,4,4
"32",32,32,"21-54","Patent",1,6,2,204701791,8,2,"(21-54)",0,1,1,1,3,4
"33",33,33,"2-10","Patent",1,18,2,208666263,8,2,"(2-10)",0,1,3,0,5,4
"34",34,34,"29-26","Patent",1,8,2,204701791,8,2,"(29-26)",1,1,1,1,3,4
"35",35,35,"12-20","Patent",1,NA,1,313863151,8,2,"(12-20)",0,1,1,1,1,4
"36",36,36,"10-34","Patent",1,6,1,313325565,9,3,"(10-34)",0,1,1,1,3,1
"37",37,37,"19-16","Patent",1,4,1,12345,9,3,"(19-16)",0,1,1,1,3,1
"38",38,38,"24-55","Patent",1,7,1,204484828,9,3,"(24-55)",0,1,4,1,6,1
"39",39,39,"27-18","Patent",1,2,2,204484828,9,3,"(27-18)",0,1,0,1,2,1
"40",40,40,"9-39","Patent",1,9,2,313325565,9,3,"(9-39)",0,1,3,1,5,1
"41",41,41,"22-13","Patent",2,4,2,12345,9,3,"(22-13)",0,1,2,1,5,1
"42",42,42,"16-23","Patent",1,5,1,12345,9,3,"(16-23)",0,1,3,1,5,1
"43",43,43,"27-36","Patent",1,4,1,204484828,9,3,"(27-36)",0,1,0,1,2,1
"44",44,44,"14-30","Patent",1,4,1,12345,10,3,"(14-30)",0,1,2,0,4,2
"45",45,45,"16-10","Patent",1,6,2,313325565,10,3,"(16-10)",0,1,1,0,3,2
"46",46,46,"18-35","Patent",2,3,2,12345,10,3,"(18-35)",0,1,1,0,4,2
"47",47,47,"11-12","Patent",1,4,1,313325565,10,3,"(11-12)",0,1,0,0,2,2
"48",48,48,"8-23","Patent",1,3,1,204484828,10,3,"(8-23)",0,1,1,0,3,2
"49",49,49,"17-43","Patent",1,NA,1,12345,10,3,"(17-43)",0,1,1,0,2,2
"50",50,50,"12-21","Patent",3,4,1,12345,11,3,"(12-21)",0,1,5,1,8,3
"51",51,51,"25-2","Patent",1,6,2,313325565,11,3,"(25-2)",0,1,1,1,3,3
"52",52,52,"17-23","Patent",1,7,2,208910836,11,3,"(17-23)",0,1,1,0,3,3
"53",53,53,"13-14","Patent",1,4,1,12345,11,3,"(13-14)",0,1,2,1,4,3
"54",54,54,"9-23","Patent",1,3,1,204484828,11,3,"(9-23)",0,1,1,0,3,3
"55",55,55,"29-9","Patent",1,8,1,313325565,11,3,"(29-9)",1,1,0,1,2,3
"56",56,56,"16-43","Patent",1,8,1,208910836,11,3,"(16-43)",0,1,1,0,3,3
"57",57,57,"13-11","Patent",1,NA,1,12345,11,3,"(13-11)",0,1,3,1,3,3
"58",58,58,"29-68","Patent",1,NA,1,313325565,12,3,"(29-68)",1,1,4,1,5,4
"59",59,59,"13-30","Patent",1,4,1,12345,12,3,"(13-30)",0,1,1,1,3,4
"60",60,60,"11-28","Patent",2,3,1,12345,12,3,"(11-28)",0,1,2,1,4,4
"61",61,61,"5-6","Patent",2,8,1,313325565,12,3,"(5-6)",0,1,4,1,6,4
"62",62,62,"8-24","Patent",1,2,1,12345,12,3,"(8-24)",0,1,0,1,2,4
"63",63,63,"13-39","Patent",1,2,1,204188593,60,4,"(13-39)",0,1,0,0,3,1
"64",64,64,"25-55","Patent",1,4,2,203347679,60,4,"(25-55)",0,1,1,0,4,1
"65",65,65,"7-25","Patent",1,4,2,323308478,60,4,"(7-25)",0,1,2,0,4,1
"66",66,66,"19-17","Patent",1,4,1,323308478,60,4,"(19-17)",0,1,2,0,4,1
"67",67,67,"9-59","Patent",1,6,1,323308478,60,4,"(9-59)",0,1,2,0,4,1
"68",68,68,"6-16","Patent",1,NA,1,203122791,60,4,"(6-16)",0,1,0,0,1,1
"69",69,69,"16-39","Patent",2,4,1,323308478,13,4,"(16-39)",0,1,1,1,4,2
"70",70,70,"26-30","Patent",1,4,1,203122791,13,4,"(26-30)",0,1,2,0,4,2
"71",71,71,"23-20","Patent",1,NA,1,203122791,13,4,"(23-20)",0,1,1,0,3,2
"72",72,72,"11-28","Patent",1,4,2,323308478,14,4,"(11-28)",0,1,0,1,2,3
"73",73,73,"17-43","Patent",1,4,2,204188593,14,4,"(17-43)",0,1,2,0,4,3
"74",74,74,"19-16","Patent",2,3,1,203122791,14,4,"(19-16)",0,1,1,1,4,3
"75",75,75,"24-43","Patent",1,3,2,203347679,14,4,"(24-43)",0,1,1,1,3,3
"76",76,76,"6-16","Patent",1,NA,2,323308478,14,4,"(6-16)",0,1,3,1,5,3
"77",77,77,"24-8","Patent",1,4,2,203122791,14,4,"(24-8)",0,1,1,1,3,3
"78",78,78,"21-26","Patent",1,10,1,203122791,15,4,"(21-26)",0,1,3,1,5,4
"79",79,79,"14-27","Patent",1,2,1,203122791,15,4,"(14-27)",0,1,0,1,2,4
"80",80,80,"16-39","Patent",1,8,1,323308478,15,4,"(16-39)",0,1,2,1,4,4
"81",81,81,"23-20","Patent",1,12,2,203122791,15,4,"(23-20)",0,1,3,1,5,4
"82",82,82,"25-40","Patent",1,5,2,203347679,15,4,"(25-40)",0,1,2,1,4,4
"83",83,83,"13-48","Patent",1,9,2,323308478,15,4,"(13-48)",0,1,2,1,4,4
"84",84,84,"20-63","Patent",1,4,2,203347679,15,4,"(20-63)",0,1,1,1,3,4
"85",85,85,"22-6","Patent",1,2,1,204188593,15,4,"(22-6)",0,1,0,0,2,4
"86",86,86,"19-8","Patent",1,3,1,204188593,15,4,"(19-8)",0,1,1,0,3,4
"87",87,87,"26-58","Patent",1,NA,1,323308478,15,4,"(26-58)",0,1,2,1,3,4
"88",88,88,"25-23","Patent",1,8,1,203355011,16,5,"(25-23)",0,1,0,1,2,1
"89",89,89,"25-46","Patent",1,4,1,205794159,16,5,"(25-46)",0,1,2,0,4,1
"90",90,90,"16-22","Patent",2,3,1,205794159,16,5,"(16-22)",0,1,0,0,3,1
"91",91,91,"27-37","Patent",1,6,1,305102741,16,5,"(27-37)",0,1,3,0,5,1
"92",92,92,"14-39","Patent",1,5,1,305102741,16,5,"(14-39)",0,1,3,0,5,1
"93",93,93,"23-14","Patent",1,21,4,203355011,17,5,"(23-14)",0,1,3,1,5,2
"94",94,94,"25-46","Patent",1,31,4,203355011,17,5,"(25-46)",0,1,2,1,4,2
"95",95,95,"14-39","Patent",1,23,4,203355011,17,5,"(14-39)",0,1,2,1,4,2
"96",96,96,"1-4","Patent",1,17,4,307982637,17,5,"(1-4)",0,1,0,1,6,2
"97",97,97,"25-56","Patent",1,3,1,305102741,17,5,"(25-56)",0,1,0,0,2,2
"98",98,98,"28-34","Patent",1,4,1,205794159,17,5,"(28-34)",0,1,1,0,3,2
"99",99,99,"27-36","Patent",2,9,2,205794159,18,5,"(27-36)",0,1,2,1,6,3
"100",100,100,"9-37","Patent",1,34,3,203355011,18,5,"(9-37)",0,1,1,1,3,3
"101",101,101,"17-38","Patent",1,7,3,305102741,18,5,"(17-38)",0,1,2,1,4,3
"102",102,102,"3-37","Patent",1,10,3,205794159,18,5,"(3-37)",0,1,1,1,3,3
"103",103,103,"14-38","Patent",1,6,3,205794159,18,5,"(14-38)",0,1,1,1,3,3
"104",104,104,"6-16","Patent",1,6,3,305102741,18,5,"(6-16)",0,1,0,1,2,3
"105",105,105,"7-12","Patent",1,2,1,307982637,18,5,"(7-12)",0,1,0,0,5,3
"106",106,106,"15-61","Patent",1,8,1,307982637,19,5,"(15-61)",0,1,2,1,6,4
"107",107,107,"9-34","Patent",1,30,3,203355011,19,5,"(9-34)",0,1,2,1,4,4
"108",108,108,"8-5","Patent",1,23,3,203355011,19,5,"(8-5)",0,1,0,1,2,4
"109",109,109,"18-22","Patent",1,10,3,203355011,19,5,"(18-22)",0,1,3,1,5,4
"110",110,110,"23-47","Patent",1,10,2,305102741,19,5,"(23-47)",0,1,1,1,3,4
"111",111,111,"7-16","Patent",1,5,1,308113224,20,6,"(7-16)",0,1,3,1,5,1
"112",112,112,"8-59","Patent",1,10,2,204708143,20,6,"(8-59)",0,1,2,0,4,1
"113",113,113,"10-36","Patent",1,3,2,203865027,20,6,"(10-36)",0,1,1,1,3,1
"114",114,114,"26-0","Patent",1,NA,1,203865027,21,6,"(26-0)",1,1,1,1,2,2
"115",115,115,"29-24","Patent",1,NA,1,203865027,21,6,"(29-24)",1,1,3,1,4,2
"116",116,116,"18-18","Patent",1,5,2,303447205,21,6,"(18-18)",0,1,3,1,5,2
"117",117,117,"25-69","Patent",1,NA,2,204708143,21,6,"(25-69)",1,1,3,1,4,2
"118",118,118,"3-25","Patent",1,4,1,308113224,21,6,"(3-25)",0,1,2,0,4,2
"119",119,119,"10-25","Patent",1,4,1,303447205,21,6,"(10-25)",0,1,2,1,4,2
"120",120,120,"27-51","Patent",2,3,1,308113224,21,6,"(27-51)",0,1,1,0,4,2
"121",121,121,"2-7","Patent",1,5,1,303447205,22,6,"(2-7)",0,1,1,0,3,3
"122",122,122,"25-22","Patent",2,8,2,204708143,22,6,"(25-22)",0,1,2,1,5,3
"123",123,123,"2-14","Patent",1,4,2,303447205,22,6,"(2-14)",0,1,2,0,4,3
"124",124,124,"4-25","Patent",1,7,1,203865027,22,6,"(4-25)",0,1,2,0,4,3
"125",125,125,"15-40","Patent",1,4,2,308113224,22,6,"(15-40)",0,1,2,1,4,3
"126",126,126,"23-43","Patent",2,8,2,204708143,22,6,"(23-43)",0,1,2,1,5,3
"127",127,127,"26-6","Patent",2,2,1,204708143,23,6,"(26-6)",0,1,0,1,3,4
"128",128,128,"3-3","Patent",1,4,1,303447205,23,6,"(3-3)",0,1,2,1,4,4
"129",129,129,"6-24","Patent",1,11,3,204708143,23,6,"(6-24)",0,1,1,1,3,4
"130",130,130,"6-3","Patent",1,4,2,303447205,23,6,"(6-3)",0,1,2,1,4,4
"131",131,131,"3-25","Patent",1,3,3,308113224,23,6,"(3-25)",0,1,1,1,3,4
"132",132,132,"26-23","Patent",1,13,3,204708143,23,6,"(26-23)",0,1,2,1,4,4
"133",133,133,"8-6","Patent",1,3,2,303447205,23,6,"(8-6)",0,1,1,1,3,4
"134",134,134,"29-42","Patent",1,NA,2,203865027,23,6,"(29-42)",1,1,3,1,4,4
"135",135,135,"28-56","Patent",1,8,2,204708143,23,6,"(28-56)",0,1,2,1,4,4
"136",136,136,"15-8","Patent",1,NA,1,303447205,23,6,"(15-8)",0,1,1,1,2,4
"137",137,137,"10-39","Patent",1,9,2,308509652,24,7,"(10-39)",0,1,1,1,3,1
"138",138,138,"4-37","Patent",2,6,2,308509652,24,7,"(4-37)",0,1,1,1,4,1
"139",139,139,"9-34","Patent",2,5,2,315198796,24,7,"(9-34)",0,1,1,1,4,1
"140",140,140,"7-37","Patent",1,14,1,308219500,24,7,"(7-37)",0,1,4,1,6,1
"141",141,141,"5-32","Patent",1,5,1,315198796,24,7,"(5-32)",0,1,2,1,4,1
"142",142,142,"10-37","Patent",3,3,1,204188940,24,7,"(10-37)",0,1,0,0,4,1
"143",143,143,"24-42","Patent",1,20,2,308509652,25,7,"(24-42)",0,1,2,1,4,2
"144",144,144,"21-47","Patent",2,4,2,308219500,25,7,"(21-47)",0,1,1,1,4,2
"145",145,145,"18-43","Patent",1,5,1,308509652,25,7,"(18-43)",0,1,3,1,5,2
"146",146,146,"16-39","Patent",1,NA,1,308509652,25,7,"(16-39)",0,1,2,1,4,2
"147",147,147,"18-36","Patent",2,NA,1,308219500,25,7,"(18-36)",0,1,0,1,2,2
"148",148,148,"16-38","Patent",2,7,2,308509652,26,7,"(16-38)",0,1,1,1,4,3
"149",149,149,"12-4","Patent",1,3,2,308219500,26,7,"(12-4)",0,1,1,0,3,3
"150",150,150,"17-40","Patent",3,22,2,315198796,26,7,"(17-40)",0,1,4,1,6,3
"151",151,151,"14-36","Patent",1,6,2,308509652,26,7,"(14-36)",0,1,1,1,3,3
"152",152,152,"12-47","Patent",1,5,1,308509652,27,7,"(12-47)",0,1,1,1,3,4
"153",153,153,"4-37","Patent",2,2,1,204547871,28,8,"(4-37)",0,1,0,0,4,1
"154",154,154,"25-46","Patent",2,3,1,204547871,28,8,"(25-46)",0,1,3,0,5,1
"155",155,155,"4-69","Patent",1,NA,1,204688386,28,8,"(4-69)",1,1,2,0,3,1
"156",156,156,"6-15","Patent",2,3,1,204547871,29,8,"(6-15)",0,1,3,1,5,2
"157",157,157,"12-22","Patent",2,3,1,204547871,29,8,"(12-22)",0,1,1,1,4,2
"158",158,158,"22-47","Patent",2,5,1,206545964,29,8,"(22-47)",0,1,3,1,6,2
"159",159,159,"8-23","Patent",1,5,1,204547871,29,8,"(8-23)",0,1,3,1,5,2
"160",160,160,"11-12","Patent",2,3,1,204547871,29,8,"(11-12)",0,1,1,1,4,2
"161",161,161,"24-42","Patent",1,2,1,206545964,29,8,"(24-42)",0,1,0,1,2,2
"162",162,162,"5-39","Patent",2,3,1,204547871,30,8,"(5-39)",0,1,1,0,5,3
"163",163,163,"15-38","Patent",2,2,1,204688386,30,8,"(15-38)",0,1,2,0,5,3
"164",164,164,"13-11","Patent",1,3,1,206545964,31,8,"(13-11)",0,1,0,0,2,4
"165",165,165,"5-36","Patent",2,5,1,204688386,31,8,"(5-36)",0,1,4,1,7,4
"166",166,166,"17-6","Patent",1,2,1,206545964,31,8,"(17-6)",0,1,0,0,2,4
"167",167,167,"9-34","Patent",1,4,1,204547871,31,8,"(9-34)",0,1,2,0,4,4
"168",168,168,"17-43","Patent",1,5,1,204688386,31,8,"(17-43)",0,1,3,1,6,4
"169",169,169,"19-16","Patent",1,29,2,205400252,32,9,"(19-16)",0,1,2,1,5,1
"170",170,170,"8-38","Patent",1,9,2,206911141,32,9,"(8-38)",0,1,2,1,4,1
"171",171,171,"9-39","Patent",1,5,1,312167901,32,9,"(9-39)",0,1,1,0,4,1
"172",172,172,"16-38","Patent",1,2,1,312167901,33,9,"(16-38)",0,1,0,0,2,2
"173",173,173,"1-66","Patent",1,3,1,207070749,33,9,"(1-66)",0,1,1,0,3,2
"174",174,174,"7-13","Patent",2,10,1,206911141,33,9,"(7-13)",0,1,1,0,4,2
"175",175,175,"7-24","Patent",1,NA,1,205400252,33,9,"(7-24)",0,1,2,0,2,2
"176",176,176,"14-64","Patent",1,3,1,205400252,34,9,"(14-64)",0,1,1,0,3,3
"177",177,177,"9-65","Patent",2,4,1,312167901,34,9,"(9-65)",0,1,3,0,5,3
"178",178,178,"23-47","Patent",1,7,2,206911141,34,9,"(23-47)",0,1,2,0,4,3
"179",179,179,"17-44","Patent",1,4,2,205400252,34,9,"(17-44)",0,1,2,0,4,3
"180",180,180,"17-68","Patent",1,5,1,207070749,35,9,"(17-68)",0,1,1,1,3,4
"181",181,181,"6-3","Patent",1,5,1,312167901,35,9,"(6-3)",0,1,3,0,5,4
"182",182,182,"11-7","Patent",2,3,1,205400252,35,9,"(11-7)",0,1,1,0,4,4
"183",183,183,"12-4","Patent",1,4,1,312167901,35,9,"(12-4)",0,1,2,0,4,4
"184",184,184,"5-8","Patent",1,8,1,312167901,35,9,"(5-8)",0,1,3,0,5,4
"185",185,185,"9-34","Patent",3,3,1,205664741,36,10,"(9-34)",0,1,0,0,4,1
"186",186,186,"13-39","Patent",1,4,1,311355168,36,10,"(13-39)",0,1,1,0,3,1
"187",187,187,"0-23","Patent",1,NA,2,313455842,36,10,"(0-23)",1,1,4,1,5,1
"188",188,188,"1-61","Patent",1,5,2,313455842,36,10,"(1-61)",0,1,3,1,5,1
"189",189,189,"24-55","Patent",1,NA,2,311355168,36,10,"(24-55)",0,1,3,0,3,1
"190",190,190,"17-27","Patent",1,7,1,205664741,37,10,"(17-27)",0,1,2,0,4,2
"191",191,191,"2-14","Patent",1,10,1,205664741,38,10,"(2-14)",0,1,2,0,4,3
"192",192,192,"16-6","Patent",1,NA,1,205664741,38,10,"(16-6)",0,1,1,0,2,3
"193",193,193,"2-4","Patent",1,7,1,313455842,39,10,"(2-4)",0,1,2,0,4,4
"194",194,194,"9-59","Patent",1,3,1,311355168,39,10,"(9-59)",0,1,1,0,3,4
"195",195,195,"4-36","Patent",1,NA,1,311355168,39,10,"(4-36)",0,1,1,0,3,4
"196",196,196,"19-57","Patent",1,3,1,305368250,40,11,"(19-57)",0,1,1,1,3,1
"197",197,197,"11-13","Patent",1,4,1,313299224,40,11,"(11-13)",0,1,2,0,4,1
"198",198,198,"9-58","Patent",1,7,1,313299224,40,11,"(9-58)",0,1,3,0,5,1
"199",199,199,"9-24","Patent",1,12,1,305368250,41,11,"(9-24)",0,1,2,0,4,2
"200",200,200,"18-36","Patent",1,3,1,313299224,41,11,"(18-36)",0,1,1,0,3,2
"201",201,201,"11-27","Patent",1,11,1,305368250,41,11,"(11-27)",0,1,2,0,4,2
"202",202,202,"13-29","Patent",2,NA,1,305368250,41,11,"(13-29)",0,1,1,0,5,2
"203",203,203,"20-26","Patent",1,6,1,313299224,42,11,"(20-26)",0,1,2,1,4,3
"204",204,204,"7-7","Patent",1,9,1,205686934,42,11,"(7-7)",0,1,2,0,4,3
"205",205,205,"3-65","Patent",1,2,1,313299224,42,11,"(3-65)",0,1,0,1,2,3
"206",206,206,"22-48","Patent",1,NA,1,313299224,42,11,"(22-48)",0,1,3,1,5,3
"207",207,207,"7-25","Patent",1,7,1,205686934,43,11,"(7-25)",0,1,1,1,3,4
"208",208,208,"8-63","Patent",1,6,2,313299224,43,11,"(8-63)",0,1,2,1,4,4
"209",209,209,"6-47","Patent",1,6,2,205686934,43,11,"(6-47)",0,1,2,1,4,4
"210",210,210,"7-16","Patent",1,2,1,313299224,43,11,"(7-16)",0,1,0,1,2,4
"211",211,211,"10-40","Patent",1,5,1,305368250,43,11,"(10-40)",0,1,2,0,4,4
"212",212,212,"9-59","Patent",1,4,1,205686934,43,11,"(9-59)",0,1,1,1,3,4
"213",213,213,"18-17","Patent",1,5,1,312235708,44,12,"(18-17)",0,1,3,0,5,1
"214",214,214,"20-56","Patent",2,5,1,205788581,44,12,"(20-56)",0,1,1,0,5,1
"215",215,215,"12-33","Patent",1,6,1,312235708,45,12,"(12-33)",0,1,0,0,4,2
"216",216,216,"18-35","Patent",1,4,1,311504302,45,12,"(18-35)",0,1,2,1,4,2
"217",217,217,"27-30","Patent",2,4,1,205788581,45,12,"(27-30)",0,1,4,1,6,2
"218",218,218,"22-48","Patent",1,5,1,222333225,45,12,"(22-48)",0,1,3,0,5,2
"219",219,219,"3-29","Patent",2,3,2,205788581,45,12,"(3-29)",0,1,2,1,4,2
"220",220,220,"29-56","Patent",2,NA,2,311504302,45,12,"(29-56)",1,1,6,1,7,2
"221",221,221,"5-8","Patent",1,2,1,222333225,45,12,"(5-8)",0,1,0,0,2,2
"222",222,222,"18-27","Patent",2,2,1,312235708,46,12,"(18-27)",0,1,0,0,4,3
"223",223,223,"1-61","Patent",2,5,1,205788581,46,12,"(1-61)",0,1,1,0,3,3
"224",224,224,"20-7","Patent",1,3,1,222333225,46,12,"(20-7)",0,1,1,0,3,3
"225",225,225,"9-66","Patent",1,3,2,205788581,46,12,"(9-66)",0,1,1,0,3,3
"226",226,226,"29-8","Patent",2,4,2,311504302,46,12,"(29-8)",1,1,2,0,5,3
"227",227,227,"14-61","Patent",2,3,1,205788581,46,12,"(14-61)",0,1,0,0,4,3
"228",228,228,"22-24","Patent",1,4,1,312235708,46,12,"(22-24)",0,1,2,0,5,3
"229",229,229,"0-19","Patent",1,3,1,311504302,46,12,"(0-19)",1,1,1,0,3,3
"230",230,230,"1-68","Patent",1,NA,1,311504302,46,12,"(1-68)",0,1,1,0,3,3
"231",231,231,"19-51","Patent",2,2,1,222333225,47,12,"(19-51)",0,1,0,0,3,4
"232",232,232,"22-20","Patent",1,4,1,312235708,47,12,"(22-20)",0,1,2,0,6,4
"233",233,233,"26-40","Patent",1,10,1,205788581,47,12,"(26-40)",0,1,2,1,4,4
"234",234,234,"19-43","Patent",1,5,2,312235708,47,12,"(19-43)",0,1,3,0,5,4
"235",235,235,"20-27","Patent",2,3,2,222333225,47,12,"(20-27)",0,1,1,0,4,4
"236",236,236,"9-37","Patent",1,3,1,308296334,48,13,"(9-37)",0,1,1,1,3,1
"237",237,237,"6-48","Patent",3,2,1,206669814,48,13,"(6-48)",0,1,2,0,6,1
"238",238,238,"16-43","Patent",1,6,2,308296334,48,13,"(16-43)",0,1,1,1,3,1
"239",239,239,"25-56","Patent",3,3,2,301782645,48,13,"(25-56)",0,1,3,1,7,1
"240",240,240,"8-59","Patent",3,2,1,206669814,48,13,"(8-59)",0,1,2,0,5,1
"241",241,241,"1-18","Patent",2,3,1,312423015,49,13,"(1-18)",0,1,2,1,5,2
"242",242,242,"19-34","Patent",2,2,1,206669814,49,13,"(19-34)",0,1,1,0,3,2
"243",243,243,"15-12","Patent",1,4,1,312423015,49,13,"(15-12)",0,1,2,1,4,2
"244",244,244,"23-28","Patent",1,4,1,206669814,49,13,"(23-28)",0,1,2,0,4,2
"245",245,245,"28-5","Patent",1,2,1,312423015,49,13,"(28-5)",0,1,0,1,2,2
"246",246,246,"5-31","Patent",1,2,1,308296334,49,13,"(5-31)",0,1,0,1,2,2
"247",247,247,"11-56","Patent",1,11,2,308296334,49,13,"(11-56)",0,1,3,1,5,2
"248",248,248,"1-7","Patent",1,4,2,312423015,49,13,"(1-7)",0,1,2,1,4,2
"249",249,249,"5-6","Patent",2,46,4,312423015,50,13,"(5-6)",0,1,3,1,5,3
"250",250,250,"14-30","Patent",1,NA,4,301782645,50,13,"(14-30)",0,1,3,1,5,3
"251",251,251,"14-52","Patent",1,5,4,206669814,50,13,"(14-52)",0,1,3,1,5,3
"252",252,252,"15-11","Patent",1,24,4,308296334,50,13,"(15-11)",0,1,2,1,4,3
"253",253,253,"5-36","Patent",1,4,4,206669814,50,13,"(5-36)",0,1,2,1,4,3
"254",254,254,"27-13","Patent",1,7,3,308296334,50,13,"(27-13)",0,1,1,1,3,3
"255",255,255,"15-42","Patent",1,15,2,312423015,50,13,"(15-42)",0,1,3,1,5,3
"256",256,256,"27-26","Patent",1,3,2,308296334,50,13,"(27-26)",0,1,1,1,3,3
"257",257,257,"8-42","Patent",1,2,2,206669814,51,13,"(8-42)",0,1,0,1,2,4
"258",258,258,"15-19","Patent",1,12,2,308296334,51,13,"(15-19)",0,1,1,1,3,4
"259",259,259,"24-34","Patent",1,25,3,301782645,51,13,"(24-34)",0,1,1,1,3,4
"260",260,260,"7-39","Patent",1,9,3,312423015,51,13,"(7-39)",0,1,2,1,4,4
"261",261,261,"9-30","Patent",2,13,3,312423015,51,13,"(9-30)",0,1,2,1,5,4
"262",262,262,"9-49","Patent",1,2,3,206669814,51,13,"(9-49)",0,1,0,1,2,4
"263",263,263,"17-38","Patent",2,19,2,305560492,52,14,"(17-38)",0,1,6,1,8,1
"264",264,264,"16-43","Patent",2,3,2,207480112,52,14,"(16-43)",0,1,1,1,4,1
"265",265,265,"8-24","Patent",1,6,2,207480112,52,14,"(8-24)",0,1,1,1,3,1
"266",266,266,"15-27","Patent",1,4,1,207480112,53,14,"(15-27)",0,1,2,0,4,2
"267",267,267,"16-6","Patent",1,4,1,313563272,53,14,"(16-6)",0,1,2,0,4,2
"268",268,268,"16-2","Patent",1,NA,1,313563272,53,14,"(16-2)",0,1,1,0,5,2
"269",269,269,"18-9","Patent",1,6,2,313563272,54,14,"(18-9)",0,1,3,1,5,3
"270",270,270,"18-51","Patent",1,8,2,305560492,54,14,"(18-51)",0,1,3,0,6,3
"271",271,271,"21-26","Patent",2,6,1,315374025,54,14,"(21-26)",0,1,4,1,7,3
"272",272,272,"26-21","Patent",1,7,1,313563272,54,14,"(26-21)",0,1,2,1,4,3
"273",273,273,"4-7","Patent",1,NA,1,305560492,54,14,"(4-7)",0,1,2,0,3,3
"274",274,274,"17-39","Patent",1,12,2,313563272,55,14,"(17-39)",0,1,3,0,5,4
"275",275,275,"17-42","Patent",1,5,2,305560492,55,14,"(17-42)",0,1,2,1,4,4
"276",276,276,"19-17","Patent",1,2,1,207480112,55,14,"(19-17)",0,1,0,1,2,4
"277",277,277,"7-16","Patent",1,10,2,305560492,55,14,"(7-16)",0,1,2,1,4,4
"278",278,278,"17-22","Patent",1,3,2,207480112,55,14,"(17-22)",0,1,1,1,3,4
"279",279,279,"26-59","Patent",1,3,1,315374025,55,14,"(26-59)",0,1,0,0,2,4
"280",280,280,"10-36","Patent",3,2,1,209589498,56,15,"(10-36)",0,1,0,0,4,1
"281",281,281,"11-12","Patent",2,2,1,318689080,56,15,"(11-12)",0,1,1,0,4,1
"282",282,282,"27-66","Patent",2,3,1,209589498,56,15,"(27-66)",0,1,3,0,6,1
"283",283,283,"8-62","Patent",2,2,1,318689080,56,15,"(8-62)",0,1,2,0,4,1
"284",284,284,"3-37","Patent",2,1,1,318689080,56,15,"(3-37)",0,1,0,0,2,1
"285",285,285,"1-3","Patent",2,4,1,318689080,57,15,"(1-3)",0,1,5,1,8,2
"286",286,286,"8-65","Patent",2,5,1,209589498,57,15,"(8-65)",0,1,5,0,7,2
"287",287,287,"10-50","Patent",3,2,1,318689080,57,15,"(10-50)",0,1,3,1,5,2
"288",288,288,"16-13","Patent",3,2,1,318689080,57,15,"(16-13)",0,1,3,1,5,2
"289",289,289,"5-31","Patent",3,3,1,318689080,57,15,"(5-31)",0,1,6,1,9,2
"290",290,290,"7-39","Patent",2,3,1,312420953,57,15,"(7-39)",0,1,4,0,6,2
"291",291,291,"8-34","Patent",3,2,1,318689080,58,15,"(8-34)",0,1,3,0,6,3
"292",292,292,"8-43","Patent",1,4,1,209589498,58,15,"(8-43)",0,1,1,0,3,3
"293",293,293,"24-2","Patent",2,2,1,318689080,58,15,"(24-2)",0,1,1,0,4,3
"294",294,294,"18-22","Patent",2,4,1,320912991,58,15,"(18-22)",0,1,3,1,5,3
"295",295,295,"18-50","Patent",1,3,1,318689080,58,15,"(18-50)",0,1,1,0,3,3
"296",296,296,"11-67","Patent",2,2,1,209589498,58,15,"(11-67)",0,1,1,0,4,3
"297",297,297,"9-35","Patent",2,5,2,318689080,59,15,"(9-35)",0,1,4,0,6,4
"298",298,298,"18-22","Patent",1,2,2,320912991,59,15,"(18-22)",0,1,0,1,2,4
"299",299,299,"20-57","Patent",3,4,1,312420953,59,15,"(20-57)",0,1,4,0,7,4
"300",300,300,"1-19","Patent",3,3,1,318689080,59,15,"(1-19)",0,1,4,0,7,4
"301",301,301,"9-66","Patent",3,2,1,318689080,59,15,"(9-66)",0,1,3,0,5,4
"302",302,302,"13-20","Patent",1,3,1,320912991,59,15,"(13-20)",0,1,1,1,3,4
"303",303,303,"19-17","No Patent",2,4,1,313581738,61,16,"(19-17)",0,0,4,1,6,1
"304",304,304,"10-36","No Patent",3,3,1,204328553,61,16,"(10-36)",0,0,3,1,7,1
"305",305,305,"6-44","No Patent",4,2,1,35053017,61,16,"(6-44)",0,0,4,1,7,1
"306",306,306,"17-38","No Patent",1,2,1,308494665,61,16,"(17-38)",0,0,0,1,2,1
"307",307,307,"11-12","No Patent",3,4,1,313581738,61,16,"(11-12)",0,0,7,1,12,1
"308",308,308,"5-56","No Patent",4,3,1,35053017,62,16,"(5-56)",0,0,7,1,12,2
"309",309,309,"3-61","No Patent",4,1,1,35053017,62,16,"(3-61)",0,0,0,1,5,2
"310",310,310,"21-60","No Patent",3,2,1,313581738,62,16,"(21-60)",0,0,2,1,6,2
"311",311,311,"1-57","No Patent",3,2,1,35053017,62,16,"(1-57)",0,0,4,1,6,2
"312",312,312,"22-50","No Patent",3,2,1,204328553,62,16,"(22-50)",0,0,3,1,5,2
"313",313,313,"24-58","No Patent",3,3,2,35053017,62,16,"(24-58)",0,0,4,1,7,2
"314",314,314,"15-8","No Patent",3,3,2,204328553,62,16,"(15-8)",0,0,1,1,5,2
"315",315,315,"8-6","No Patent",4,2,1,313581738,62,16,"(8-6)",0,0,3,1,7,2
"316",316,316,"11-63","No Patent",4,2,1,313581738,63,16,"(11-63)",0,0,5,0,7,3
"317",317,317,"25-45","No Patent",4,2,1,204328553,63,16,"(25-45)",0,0,4,0,8,3
"318",318,318,"6-52","No Patent",4,3,1,313581738,63,16,"(6-52)",0,0,7,0,12,3
"319",319,319,"3-21","No Patent",3,1,1,204328553,64,16,"(3-21)",0,0,1,1,3,4
"320",320,320,"7-4","No Patent",4,3,1,313581738,64,16,"(7-4)",0,0,8,1,11,4
"321",321,321,"29-28","No Patent",3,3,1,308494665,64,16,"(29-28)",1,0,5,1,8,4
"322",322,322,"13-8","No Patent",4,2,1,313581738,64,16,"(13-8)",0,0,3,1,6,4
"323",323,323,"16-38","No Patent",3,1,2,204328553,64,16,"(16-38)",0,0,1,1,3,4
"324",324,324,"18-4","No Patent",3,4,2,313581738,64,16,"(18-4)",0,0,6,1,9,4
"325",325,325,"17-20","No Patent",3,3,1,35053017,64,16,"(17-20)",0,0,4,1,9,4
"326",326,326,"6-47","No Patent",2,2,1,201604774,65,17,"(6-47)",0,0,1,1,3,1
"327",327,327,"14-38","No Patent",3,3,2,308354349,65,17,"(14-38)",0,0,3,0,6,1
"328",328,328,"5-45","No Patent",2,2,2,308354349,65,17,"(5-45)",0,0,1,0,3,1
"329",329,329,"24-55","No Patent",4,2,1,308354349,65,17,"(24-55)",0,0,5,0,8,1
"330",330,330,"20-56","No Patent",3,2,1,201604774,65,17,"(20-56)",0,0,3,1,5,1
"331",331,331,"25-22","No Patent",3,2,1,308354349,65,17,"(25-22)",0,0,2,0,4,1
"332",332,332,"27-33","No Patent",3,2,1,205444664,65,17,"(27-33)",0,0,3,1,5,1
"333",333,333,"18-13","No Patent",3,3,1,205444664,66,17,"(18-13)",0,0,3,1,7,2
"334",334,334,"5-55","No Patent",3,2,1,308354349,66,17,"(5-55)",0,0,2,1,4,2
"335",335,335,"12-55","No Patent",4,2,1,308354349,66,17,"(12-55)",0,0,2,1,6,2
"336",336,336,"8-14","No Patent",4,3,1,308354349,66,17,"(8-14)",0,0,5,1,8,2
"337",337,337,"25-46","No Patent",4,2,1,308354349,67,17,"(25-46)",0,0,2,1,5,3
"338",338,338,"24-58","No Patent",1,2,1,308354349,67,17,"(24-58)",0,0,0,1,2,3
"339",339,339,"11-24","No Patent",3,2,1,308354349,67,17,"(11-24)",0,0,2,1,5,3
"340",340,340,"16-41","No Patent",4,3,1,308354349,68,17,"(16-41)",0,0,3,1,8,4
"341",341,341,"20-59","No Patent",4,2,1,308354349,68,17,"(20-59)",0,0,3,1,5,4
"342",342,342,"27-24","No Patent",3,3,1,205444664,68,17,"(27-24)",0,0,4,0,8,4
"343",343,343,"7-16","No Patent",1,2,1,308333541,69,18,"(7-16)",0,0,0,1,2,1
"344",344,344,"17-42","No Patent",3,4,1,200227882,69,18,"(17-42)",0,0,4,1,7,1
"345",345,345,"7-38","No Patent",2,4,1,200227882,69,18,"(7-38)",0,0,5,1,7,1
"346",346,346,"16-46","No Patent",3,3,1,200227882,70,18,"(16-46)",0,0,3,1,6,2
"347",347,347,"15-36","No Patent",2,3,1,308333541,70,18,"(15-36)",0,0,2,1,4,2
"348",348,348,"4-64","No Patent",2,2,1,200227882,70,18,"(4-64)",0,0,2,1,4,2
"349",349,349,"14-36","No Patent",3,3,1,208084004,72,18,"(14-36)",0,0,6,0,8,4
"350",350,350,"6-52","No Patent",3,2,1,200227882,72,18,"(6-52)",0,0,2,0,5,4
"351",351,351,"26-59","No Patent",2,1,1,311358584,73,19,"(26-59)",0,0,0,0,4,1
"352",352,352,"8-12","No Patent",4,2,1,301585204,73,19,"(8-12)",0,0,2,1,5,1
"353",353,353,"9-59","No Patent",4,2,1,203125711,73,19,"(9-59)",0,0,4,1,8,1
"354",354,354,"6-44","No Patent",4,2,1,203125711,73,19,"(6-44)",0,0,3,1,9,1
"355",355,355,"6-47","No Patent",4,4,1,301585204,73,19,"(6-47)",0,0,7,1,14,1
"356",356,356,"26-46","No Patent",3,2,1,316854231,73,19,"(26-46)",0,0,1,1,6,1
"357",357,357,"9-52","No Patent",4,2,1,311358584,74,19,"(9-52)",0,0,4,0,7,2
"358",358,358,"26-51","No Patent",4,3,1,316854231,74,19,"(26-51)",0,0,6,1,10,2
"359",359,359,"16-34","No Patent",4,2,1,316854231,74,19,"(16-34)",0,0,4,1,7,2
"360",360,360,"5-14","No Patent",4,2,1,316854231,74,19,"(5-14)",0,0,2,1,6,2
"361",361,361,"19-20","No Patent",4,3,1,311358584,74,19,"(19-20)",0,0,6,0,11,2
"362",362,362,"13-30","No Patent",4,3,1,311358584,75,19,"(13-30)",0,0,5,0,9,3
"363",363,363,"13-51","No Patent",3,3,1,301585204,75,19,"(13-51)",0,0,6,1,8,3
"364",364,364,"23-9","No Patent",3,2,1,203125711,75,19,"(23-9)",0,0,4,0,6,3
"365",365,365,"24-42","No Patent",4,4,1,311358584,75,19,"(24-42)",0,0,8,0,13,3
"366",366,366,"4-5","No Patent",4,1,1,316854231,75,19,"(4-5)",0,0,1,1,4,3
"367",367,367,"15-42","No Patent",3,2,1,316854231,75,19,"(15-42)",0,0,3,1,6,3
"368",368,368,"7-55","No Patent",4,3,1,316854231,75,19,"(7-55)",0,0,7,1,11,3
"369",369,369,"4-31","No Patent",4,2,1,301585204,76,19,"(4-31)",0,0,3,1,8,4
"370",370,370,"26-53","No Patent",3,2,1,301585204,76,19,"(26-53)",0,0,2,1,6,4
"371",371,371,"18-49","No Patent",2,2,1,316854231,76,19,"(18-49)",0,0,2,1,4,4
"372",372,372,"5-14","No Patent",3,4,1,301585204,76,19,"(5-14)",0,0,4,1,6,4
"373",373,373,"18-17","No Patent",3,4,1,205905748,77,20,"(18-17)",0,0,4,0,6,1
"374",374,374,"7-13","No Patent",3,2,1,205905748,77,20,"(7-13)",0,0,2,0,8,1
"375",375,375,"9-39","No Patent",4,2,1,204582266,77,20,"(9-39)",0,0,2,1,8,1
"376",376,376,"19-30","No Patent",3,1,1,204582266,78,20,"(19-30)",0,0,0,1,4,2
"377",377,377,"17-46","No Patent",3,2,1,317660272,78,20,"(17-46)",0,0,2,0,6,2
"378",378,378,"2-9","No Patent",3,3,1,308343714,78,20,"(2-9)",0,0,4,1,7,2
"379",379,379,"21-36","No Patent",4,3,1,204582266,78,20,"(21-36)",0,0,7,1,10,2
"380",380,380,"4-13","No Patent",2,NA,1,204582266,78,20,"(4-13)",0,0,1,1,2,2
"381",381,381,"4-59","No Patent",3,2,1,204582266,79,20,"(4-59)",0,0,3,1,5,3
"382",382,382,"4-49","No Patent",2,1,1,205905748,79,20,"(4-49)",0,0,0,0,2,3
"383",383,383,"20-66","No Patent",2,2,2,204582266,79,20,"(20-66)",0,0,1,1,3,3
"384",384,384,"0-55","No Patent",4,NA,2,308343714,79,20,"(0-55)",1,0,11,1,12,3
"385",385,385,"16-42","No Patent",4,2,1,205905748,80,20,"(16-42)",0,0,4,0,6,4
"386",386,386,"25-55","No Patent",4,2,1,204582266,80,20,"(25-55)",0,0,4,1,7,4
"387",387,387,"7-16","No Patent",4,3,1,205905748,80,20,"(7-16)",0,0,4,0,10,4
"388",388,388,"6-47","No Patent",3,2,1,308343714,80,20,"(6-47)",0,0,2,0,6,4
"389",389,389,"2-4","No Patent",2,3,1,312175128,81,21,"(2-4)",0,0,2,1,4,1
"390",390,390,"9-58","No Patent",3,2,1,206018400,81,21,"(9-58)",0,0,4,0,6,1
"391",391,391,"7-63","No Patent",3,3,1,204755763,81,21,"(7-63)",0,0,5,1,9,1
"392",392,392,"27-19","No Patent",4,2,1,207801259,81,21,"(27-19)",0,0,0,0,6,1
"393",393,393,"4-3","No Patent",3,2,1,207801259,82,21,"(4-3)",0,0,2,0,6,2
"394",394,394,"8-5","No Patent",4,3,1,207801259,82,21,"(8-5)",0,0,6,0,9,2
"395",395,395,"21-6","No Patent",4,1,1,312175128,82,21,"(21-6)",0,0,2,1,4,2
"396",396,396,"14-2","No Patent",4,2,1,207801259,82,21,"(14-2)",0,0,3,0,7,2
"397",397,397,"10-23","No Patent",4,3,1,204755763,82,21,"(10-23)",0,0,7,0,11,2
"398",398,398,"28-9","No Patent",4,NA,1,207801259,82,21,"(28-9)",0,0,3,0,6,2
"399",399,399,"16-42","No Patent",4,3,1,204755763,83,21,"(16-42)",0,0,6,0,10,3
"400",400,400,"27-66","No Patent",3,2,1,207801259,83,21,"(27-66)",0,0,3,0,6,3
"401",401,401,"22-13","No Patent",4,2,1,206018400,83,21,"(22-13)",0,0,4,0,8,3
"402",402,402,"6-37","No Patent",4,3,1,207801259,84,21,"(6-37)",0,0,6,0,9,4
"403",403,403,"16-43","No Patent",4,1,1,204755763,84,21,"(16-43)",0,0,2,0,4,4
"404",404,404,"16-32","No Patent",4,2,1,206018400,84,21,"(16-32)",0,0,3,1,5,4
"405",405,405,"25-55","No Patent",4,2,1,204755813,85,22,"(25-55)",0,0,5,1,8,1
"406",406,406,"27-33","No Patent",3,3,2,204755813,85,22,"(27-33)",0,0,3,1,7,1
"407",407,407,"14-38","No Patent",2,3,2,209008895,85,22,"(14-38)",0,0,2,1,4,1
"408",408,408,"6-47","No Patent",2,3,1,303027163,85,22,"(6-47)",0,0,3,1,6,1
"409",409,409,"4-36","No Patent",3,2,1,209008895,85,22,"(4-36)",0,0,3,1,5,1
"410",410,410,"8-62","No Patent",4,2,1,209008895,85,22,"(8-62)",0,0,4,1,8,1
"411",411,411,"26-67","No Patent",4,3,1,303027163,85,22,"(26-67)",0,0,2,1,7,1
"412",412,412,"29-60","No Patent",4,NA,1,204755813,86,22,"(29-60)",1,0,13,1,16,2
"413",413,413,"8-31","No Patent",4,2,1,209008895,86,22,"(8-31)",0,0,3,1,8,2
"414",414,414,"23-58","No Patent",4,2,1,209008895,87,22,"(23-58)",0,0,5,0,9,3
"415",415,415,"7-7","No Patent",4,2,1,303027163,87,22,"(7-7)",0,0,6,0,9,3
"416",416,416,"2-61","No Patent",4,2,1,303027163,87,22,"(2-61)",0,0,4,0,7,3
"417",417,417,"25-28","No Patent",4,2,1,209008895,87,22,"(25-28)",0,0,4,0,7,3
"418",418,418,"21-15","No Patent",4,1,1,209008895,88,22,"(21-15)",0,0,2,0,4,4
"419",419,419,"3-14","No Patent",4,2,1,208240960,88,22,"(3-14)",0,0,2,0,8,4
"420",420,420,"16-34","No Patent",3,2,1,303027163,88,22,"(16-34)",0,0,1,1,6,4
"421",421,421,"10-2","No Patent",4,1,1,303027163,88,22,"(10-2)",0,0,2,1,4,4
"422",422,422,"27-52","No Patent",4,2,1,303027163,88,22,"(27-52)",0,0,1,1,6,4
"423",423,423,"5-25","No Patent",2,NA,1,209008895,88,22,"(5-25)",0,0,2,0,2,4
"424",424,424,"5-44","No Patent",4,1,1,308309467,89,23,"(5-44)",0,0,0,1,4,1
"425",425,425,"6-48","No Patent",4,2,1,308309467,89,23,"(6-48)",0,0,5,1,8,1
"426",426,426,"3-37","No Patent",3,3,1,308309467,89,23,"(3-37)",0,0,5,1,7,1
"427",427,427,"8-38","No Patent",3,3,1,308309467,89,23,"(8-38)",0,0,3,1,6,1
"428",428,428,"5-32","No Patent",4,3,1,312536303,89,23,"(5-32)",0,0,5,1,8,1
"429",429,429,"9-34","No Patent",4,NA,1,308309467,89,23,"(9-34)",0,0,4,1,7,1
"430",430,430,"10-66","No Patent",4,2,1,308309467,90,23,"(10-66)",0,0,4,1,7,2
"431",431,431,"14-64","No Patent",4,3,1,312536303,90,23,"(14-64)",0,0,7,0,11,2
"432",432,432,"14-61","No Patent",4,1,1,308309467,90,23,"(14-61)",0,0,2,1,4,2
"433",433,433,"23-61","No Patent",4,3,1,205949571,90,23,"(23-61)",0,0,6,0,10,2
"434",434,434,"20-58","No Patent",4,1,1,312536303,90,23,"(20-58)",0,0,2,0,4,2
"435",435,435,"28-3","No Patent",4,2,1,312536303,91,23,"(28-3)",0,0,1,0,6,3
"436",436,436,"22-4","No Patent",4,3,1,205949571,91,23,"(22-4)",0,0,7,1,10,3
"437",437,437,"9-56","No Patent",4,2,1,308309467,91,23,"(9-56)",0,0,2,1,5,3
"438",438,438,"14-35","No Patent",3,3,1,312536303,91,23,"(14-35)",0,0,5,0,8,3
"439",439,439,"16-15","No Patent",4,2,1,308309467,92,23,"(16-15)",0,0,4,1,6,4
"440",440,440,"11-63","No Patent",4,2,1,308309467,92,23,"(11-63)",0,0,3,1,6,4
"441",441,441,"10-62","No Patent",3,2,1,308309467,92,23,"(10-62)",0,0,3,1,6,4
"442",442,442,"3-45","No Patent",4,1,1,308309467,92,23,"(3-45)",0,0,2,1,4,4
"443",443,443,"3-10","No Patent",2,2,1,312536303,92,23,"(3-10)",0,0,2,1,4,4
"444",444,444,"27-66","No Patent",1,3,1,305791865,93,24,"(27-66)",0,0,1,0,3,1
"445",445,445,"27-33","No Patent",3,3,1,205791304,93,24,"(27-33)",0,0,3,1,8,1
"446",446,446,"4-36","No Patent",3,3,1,205791304,93,24,"(4-36)",0,0,3,1,8,1
"447",447,447,"0-0","No Patent",2,NA,1,205791304,94,24,"(0-0)",1,0,2,1,4,2
"448",448,448,"0-69","No Patent",2,NA,1,205791304,94,24,"(0-69)",1,0,3,1,5,2
"449",449,449,"7-25","No Patent",2,2,1,314762444,94,24,"(7-25)",0,0,1,1,3,2
"450",450,450,"27-3","No Patent",2,3,1,205791304,94,24,"(27-3)",0,0,1,1,5,2
"451",451,451,"0-0","No Patent",3,NA,1,205791304,95,24,"(0-0)",1,0,3,1,4,3
"452",452,452,"0-69","No Patent",3,NA,1,205791304,95,24,"(0-69)",1,0,3,1,4,3
"453",453,453,"8-12","No Patent",2,NA,1,314762444,96,24,"(8-12)",0,0,3,1,5,4
"454",454,454,"22-13","No Patent",2,2,1,205791304,96,24,"(22-13)",0,0,1,1,5,4
"455",455,455,"18-17","No Patent",2,5,1,312276652,97,25,"(18-17)",0,0,3,1,7,1
"456",456,456,"17-38","No Patent",2,NA,1,319074134,97,25,"(17-38)",0,0,3,1,4,1
"457",457,457,"14-30","No Patent",3,2,1,319074134,98,25,"(14-30)",0,0,2,1,5,2
"458",458,458,"29-69","No Patent",3,NA,1,206016859,98,25,"(29-69)",1,0,3,1,5,2
"459",459,459,"26-2","No Patent",2,2,1,319074134,98,25,"(26-2)",0,0,1,1,4,2
"460",460,460,"11-60","No Patent",2,2,1,319074134,98,25,"(11-60)",0,0,0,1,4,2
"461",461,461,"29-69","No Patent",3,NA,1,206016859,99,25,"(29-69)",1,0,2,1,4,3
"462",462,462,"6-36","No Patent",4,2,1,312276652,99,25,"(6-36)",0,0,1,1,5,3
"463",463,463,"15-8","No Patent",3,2,1,312276652,100,25,"(15-8)",0,0,2,0,4,4
"464",464,464,"16-42","No Patent",2,2,1,206016859,100,25,"(16-42)",0,0,1,1,4,4
"465",465,465,"25-46","No Patent",3,2,1,319074134,100,25,"(25-46)",0,0,2,0,5,4
"466",466,466,"8-24","No Patent",1,2,1,316406214,101,26,"(8-24)",0,0,0,1,2,1
"467",467,467,"5-45","No Patent",3,3,1,316406214,101,26,"(5-45)",0,0,5,1,7,1
"468",468,468,"9-59","No Patent",3,2,1,316406214,101,26,"(9-59)",0,0,2,1,5,1
"469",469,469,"26-46","No Patent",3,2,1,305391450,101,26,"(26-46)",0,0,2,1,5,1
"470",470,470,"27-66","No Patent",1,3,1,308059070,101,26,"(27-66)",0,0,1,1,3,1
"471",471,471,"14-35","No Patent",2,2,1,206759557,102,26,"(14-35)",0,0,2,1,4,2
"472",472,472,"20-53","No Patent",3,2,1,305391450,102,26,"(20-53)",0,0,4,0,6,2
"473",473,473,"16-46","No Patent",2,3,1,305391450,102,26,"(16-46)",0,0,4,0,6,2
"474",474,474,"5-39","No Patent",4,1,1,206759557,102,26,"(5-39)",0,0,2,1,6,2
"475",475,475,"8-26","No Patent",3,4,1,316406214,102,26,"(8-26)",0,0,6,1,9,2
"476",476,476,"17-29","No Patent",4,2,1,206759557,103,26,"(17-29)",0,0,5,0,7,3
"477",477,477,"7-56","No Patent",3,1,1,316406214,103,26,"(7-56)",0,0,1,0,3,3
"478",478,478,"9-34","No Patent",4,3,1,206759557,104,26,"(9-34)",0,0,6,0,9,4
"479",479,479,"2-4","No Patent",4,3,1,308059070,104,26,"(2-4)",0,0,4,0,8,4
"480",480,480,"25-47","No Patent",3,1,1,305391450,104,26,"(25-47)",0,0,1,0,3,4
"481",481,481,"25-47","No Patent",3,5,1,207949371,105,27,"(25-47)",0,0,1,1,4,1
"482",482,482,"24-23","No Patent",4,3,1,333879138,105,27,"(24-23)",0,0,7,1,10,1
"483",483,483,"27-18","No Patent",4,3,1,333879138,105,27,"(27-18)",0,0,6,1,10,1
"484",484,484,"16-22","No Patent",4,2,1,305143703,106,27,"(16-22)",0,0,4,1,6,2
"485",485,485,"6-48","No Patent",3,2,1,207949371,106,27,"(6-48)",0,0,1,1,6,2
"486",486,486,"7-24","No Patent",3,2,1,207949371,106,27,"(7-24)",0,0,2,1,5,2
"487",487,487,"8-12","No Patent",1,2,1,207949371,106,27,"(8-12)",0,0,0,1,2,2
"488",488,488,"19-17","No Patent",2,5,1,207949371,106,27,"(19-17)",0,0,5,1,8,2
"489",489,489,"15-37","No Patent",4,2,1,302168596,107,27,"(15-37)",0,0,4,0,8,3
"490",490,490,"11-21","No Patent",2,2,1,207949371,107,27,"(11-21)",0,0,1,0,3,3
"491",491,491,"17-42","No Patent",4,2,1,305143703,108,27,"(17-42)",0,0,4,0,6,4
"492",492,492,"21-50","No Patent",4,3,1,305143703,108,27,"(21-50)",0,0,5,0,9,4
"493",493,493,"5-31","No Patent",2,7,1,313164840,109,28,"(5-31)",0,0,1,1,3,1
"494",494,494,"8-24","No Patent",2,7,1,313164840,109,28,"(8-24)",0,0,5,1,9,1
"495",495,495,"18-26","No Patent",2,2,1,307686790,110,28,"(18-26)",0,0,0,1,3,2
"496",496,496,"13-14","No Patent",4,2,1,208487058,110,28,"(13-14)",0,0,0,1,8,2
"497",497,497,"13-20","No Patent",2,3,1,313164840,110,28,"(13-20)",0,0,2,1,6,2
"498",498,498,"17-23","No Patent",3,2,1,313164840,110,28,"(17-23)",0,0,1,1,5,2
"499",499,499,"9-35","No Patent",3,NA,1,320753825,110,28,"(9-35)",0,0,3,0,6,2
"500",500,500,"22-25","No Patent",4,2,1,313164840,111,28,"(22-25)",0,0,5,0,7,3
"501",501,501,"9-35","No Patent",3,2,1,307686790,111,28,"(9-35)",0,0,2,0,7,3
"502",502,502,"12-48","No Patent",4,2,1,307686790,112,28,"(12-48)",0,0,2,1,8,4
"503",503,503,"15-38","No Patent",3,4,2,313164840,112,28,"(15-38)",0,0,6,1,9,4
"504",504,504,"16-47","No Patent",2,3,2,307686790,112,28,"(16-47)",0,0,2,1,5,4
"505",505,505,"17-30","No Patent",4,3,1,320753825,112,28,"(17-30)",0,0,4,0,9,4
"506",506,506,"18-35","No Patent",3,3,1,307686790,112,28,"(18-35)",0,0,5,1,9,4
"507",507,507,"24-27","No Patent",4,2,1,208487058,112,28,"(24-27)",0,0,3,1,6,4
"508",508,508,"17-20","No Patent",3,1,1,320753825,112,28,"(17-20)",0,0,1,0,3,4
"509",509,509,"5-31","No Patent",4,1,1,320753825,112,28,"(5-31)",0,0,1,0,4,4
"510",510,510,"10-34","No Patent",3,6,1,311371249,113,29,"(10-34)",0,0,7,0,9,1
"511",511,511,"17-22","No Patent",3,3,1,311371249,113,29,"(17-22)",0,0,3,0,5,1
"512",512,512,"5-44","No Patent",4,2,1,308290840,113,29,"(5-44)",0,0,2,1,8,1
"513",513,513,"4-36","No Patent",2,3,1,308290840,113,29,"(4-36)",0,0,3,1,5,1
"514",514,514,"24-27","No Patent",2,2,1,314735572,114,29,"(24-27)",0,0,1,0,3,2
"515",515,515,"23-37","No Patent",2,2,1,311505895,114,29,"(23-37)",0,0,1,0,4,2
"516",516,516,"16-38","No Patent",3,2,1,311505895,116,29,"(16-38)",0,0,4,0,6,4
"517",517,517,"17-30","No Patent",3,2,1,311371249,116,29,"(17-30)",0,0,3,0,7,4
"518",518,518,"6-24","No Patent",3,2,1,308290840,116,29,"(6-24)",0,0,3,1,5,4
"519",519,519,"18-38","No Patent",2,3,1,342390689,117,0,"(18-38)",0,0,4,1,7,1
"520",520,520,"14-39","No Patent",2,2,1,342390689,117,0,"(14-39)",0,0,1,1,4,1
"521",521,521,"11-12","No Patent",3,3,1,342775970,117,0,"(11-12)",0,0,3,1,8,1
"522",522,522,"9-37","No Patent",1,4,1,342390689,117,0,"(9-37)",0,0,2,1,5,1
"523",523,523,"17-22","No Patent",2,3,1,961144144,117,0,"(17-22)",0,0,4,1,8,1
"524",524,524,"9-33","No Patent",2,4,1,342390689,117,0,"(9-33)",0,0,4,1,8,1
"525",525,525,"16-35","No Patent",3,3,1,342390689,118,0,"(16-35)",0,0,6,1,10,2
"526",526,526,"15-40","No Patent",3,4,1,342390689,118,0,"(15-40)",0,0,5,1,9,2
"527",527,527,"10-37","No Patent",2,3,1,342775970,118,0,"(10-37)",0,0,4,1,6,2
"528",528,528,"16-31","No Patent",2,2,1,342775970,118,0,"(16-31)",0,0,2,1,5,2
"529",529,529,"19-30","No Patent",3,1,1,342775970,118,0,"(19-30)",0,0,1,1,3,2
"530",530,530,"21-36","No Patent",2,NA,1,342775970,118,0,"(21-36)",0,0,2,1,2,2
"531",531,531,"1-68","No Patent",4,2,1,342390689,119,0,"(1-68)",0,0,1,1,8,3
"532",532,532,"25-1","No Patent",4,1,1,342390689,119,0,"(25-1)",0,0,2,1,5,3
"533",533,533,"15-2","No Patent",4,3,1,961144144,119,0,"(15-2)",0,0,5,1,11,3
"534",534,534,"8-6","No Patent",4,NA,2,342390689,119,0,"(8-6)",0,0,3,1,5,3
"535",535,535,"21-7","No Patent",4,2,2,342775970,119,0,"(21-7)",0,0,4,1,7,3
"536",536,536,"5-68","No Patent",3,2,1,342775970,120,0,"(5-68)",0,0,3,1,6,4
"537",537,537,"26-0","No Patent",4,NA,1,342775970,120,0,"(26-0)",1,0,8,1,10,4
"538",538,538,"25-69","No Patent",4,NA,1,342775970,120,0,"(25-69)",1,0,6,1,8,4
